configuration,variant,profile,validation_drugs,validation_mean_drug_wape,validation_mean_drug_mae,validation_pooled_wape,validation_pooled_mae,validation_pooled_rmse,validation_pooled_smape,validation_within_20pct,validation_origins,test_drugs,test_mean_drug_wape,test_mean_drug_mae,test_pooled_wape,test_pooled_mae,test_pooled_rmse,test_pooled_smape,test_within_20pct,test_origins
sales_only__shallow_regularized,sales_only,shallow_regularized,30,0.3484005983682513,25.999890513953154,0.3672672050384309,25.999890513953154,53.638663196479015,0.31501440238832396,0.5427642276422764,6150,,,,,,,,,
sales_only__shallow_more_trees,sales_only,shallow_more_trees,30,0.37160048532560397,28.284541974168842,0.39953955464044505,28.284541974168846,58.72558293834021,0.3305062788282934,0.5188617886178862,6150,,,,,,,,,
sales_only__medium_balanced,sales_only,medium_balanced,30,0.378785779987043,28.794309843343687,0.4067403934451226,28.79430984334369,59.48657377261217,0.3360825976170029,0.4938211382113821,6150,,,,,,,,,
sales_only__medium_less_regularized,sales_only,medium_less_regularized,30,0.3965910440942698,30.18788187951255,0.42642560352201814,30.187881879512545,62.44392567965665,0.3449791047364156,0.4786991869918699,6150,,,,,,,,,
sales_only__deep_regularized,sales_only,deep_regularized,30,0.3733161067312069,28.647740144426447,0.4046699907395507,28.647740144426443,60.22705224169583,0.332218894648916,0.5065040650406504,6150,,,,,,,,,
sales_only__shallow_poisson,sales_only,shallow_poisson,30,0.3025673790062792,22.248511565700777,0.3142762718410289,22.248511565700777,45.696369692119035,0.28744326664905917,0.552520325203252,6150,30.0,0.28547067360844364,21.583138396419756,0.2984638550593399,21.583138396419752,63.412597599046734,0.2633220520138372,0.5640776699029126,6180.0
sales_only__shallow_tweedie,sales_only,shallow_tweedie,30,0.3182433207333361,23.455806679175637,0.3313301860390333,23.455806679175637,47.74111957449743,0.3062655657321634,0.5304065040650406,6150,,,,,,,,,
sales_only__shallow_pseudo_huber,sales_only,shallow_pseudo_huber,30,2753.5546058827285,306112.5950138898,4324.061177776042,306112.5950138898,604381.808067575,1.8032005105306503,0.034308943089430895,6150,,,,,,,,,
sales_only__legacy_published_recipe,sales_only,legacy_published_recipe,30,0.36190000265368905,27.037685198197824,0.38192680342719076,27.037685198197824,55.80282040090773,0.32432333516425615,0.5239024390243903,6150,30.0,0.31249309735054254,23.115050463357935,0.3196480022724318,23.115050463357935,64.17116020492638,0.28211855455853585,0.5742718446601942,6180.0
all_1312_lag1__shallow_regularized,all_1312_lag1,shallow_regularized,30,0.3523401010504578,25.063502552121637,0.3540400497398756,25.063502552121637,49.66661215026783,0.3120041956346447,0.5157723577235772,6150,,,,,,,,,
all_1312_lag1__shallow_more_trees,all_1312_lag1,shallow_more_trees,30,0.3656007211701479,25.78299431986683,0.3642033898680244,25.782994319866827,51.246617873167196,0.3217937566189469,0.4954471544715447,6150,,,,,,,,,
all_1312_lag1__medium_balanced,all_1312_lag1,medium_balanced,30,0.37807366450694885,26.981052973298283,0.38112683240643586,26.98105297329828,54.09863201802005,0.3256362495268847,0.5060162601626016,6150,,,,,,,,,
all_1312_lag1__medium_less_regularized,all_1312_lag1,medium_less_regularized,30,0.39341141917684136,28.242056616308634,0.39893941831956314,28.242056616308638,57.28742993746576,0.3323519081093522,0.4983739837398374,6150,,,,,,,,,
all_1312_lag1__deep_regularized,all_1312_lag1,deep_regularized,30,0.3752062987204971,26.644251080407354,0.3763692627625438,26.64425108040736,53.03082831967535,0.3210610760651567,0.5097560975609756,6150,,,,,,,,,
all_1312_lag1__shallow_poisson,all_1312_lag1,shallow_poisson,30,0.286211149548299,19.894140556188137,0.2810190833223628,19.894140556188134,38.93416762799615,0.2721439853530444,0.5456910569105691,6150,,,,,,,,,
all_1312_lag1__shallow_tweedie,all_1312_lag1,shallow_tweedie,30,0.2964654596156162,20.801825527553646,0.29384078817953874,20.801825527553635,40.9365597379254,0.28460169181405515,0.5242276422764227,6150,,,,,,,,,
all_1312_lag1__shallow_pseudo_huber,all_1312_lag1,shallow_pseudo_huber,30,2753.3104936328978,306026.07899391116,4322.839076597133,306026.0789939111,603988.3398906876,1.804382909087924,0.026341463414634145,6150,,,,,,,,,
all_1312_lag1__legacy_published_recipe,all_1312_lag1,legacy_published_recipe,30,0.3793641391148592,27.613291455967644,0.3900576569544508,27.61329145596764,56.229622239685376,0.3250131789561734,0.5027642276422765,6150,,,,,,,,,
top5_all_lag1__shallow_regularized,top5_all_lag1,shallow_regularized,30,0.29966570812209753,20.897873823846258,0.2951975396362098,20.897873823846258,39.69189896833143,0.28790092461671335,0.5247154471544715,6150,,,,,,,,,
top5_all_lag1__shallow_more_trees,top5_all_lag1,shallow_more_trees,30,0.3198872677692382,22.472428349593308,0.31743925790580746,22.472428349593304,43.2163580445634,0.3042507101182916,0.5063414634146342,6150,,,,,,,,,
top5_all_lag1__medium_balanced,top5_all_lag1,medium_balanced,30,0.3332764796259981,24.219138572552218,0.34211279955991175,24.219138572552218,47.24434534204593,0.3161408554350394,0.4947967479674797,6150,,,,,,,,,
top5_all_lag1__medium_less_regularized,top5_all_lag1,medium_less_regularized,30,0.3395968633775729,24.006877230177597,0.3391144550126608,24.006877230177597,46.38391458155379,0.32089750048149596,0.4878048780487805,6150,,,,,,,,,
top5_all_lag1__deep_regularized,top5_all_lag1,deep_regularized,30,0.32696503958346174,24.00382278126187,0.3390713087188098,24.003822781261874,47.001825770781046,0.3083928631180649,0.5115447154471545,6150,,,,,,,,,
top5_all_lag1__shallow_poisson,top5_all_lag1,shallow_poisson,30,0.2461372782547358,16.999930700935966,0.24013628176738316,16.99993070093597,33.445382821308876,0.24656761724402262,0.5665040650406504,6150,30.0,0.3066211744317824,23.771135272080837,0.3287207143896738,23.771135272080844,71.88402101872879,0.2792071087462979,0.5302588996763754,6180.0
top5_all_lag1__shallow_tweedie,top5_all_lag1,shallow_tweedie,30,0.2565188652311071,17.434565568207727,0.24627581273308016,17.434565568207724,34.47678761030544,0.26122617859112807,0.5455284552845528,6150,,,,,,,,,
top5_all_lag1__shallow_pseudo_huber,top5_all_lag1,shallow_pseudo_huber,30,2753.311941219232,306026.073888647,4322.839004481595,306026.07388864696,603988.3398905676,1.8085424998393385,0.022926829268292682,6150,,,,,,,,,
top5_all_lag1__legacy_published_recipe,top5_all_lag1,legacy_published_recipe,30,0.31502169757214354,21.549795534291523,0.3044064039724121,21.549795534291523,40.53890602620063,0.29739479314724365,0.508130081300813,6150,,,,,,,,,
top5_all_lags_1_7_14__shallow_regularized,top5_all_lags_1_7_14,shallow_regularized,30,0.3258448655318633,22.492359083292442,0.3177207938936656,22.492359083292445,42.95551494315837,0.29996616750952404,0.5273170731707317,6150,,,,,,,,,
top5_all_lags_1_7_14__shallow_more_trees,top5_all_lags_1_7_14,shallow_more_trees,30,0.3530608382827385,24.76925869215189,0.3498836430045159,24.76925869215189,47.5551007729067,0.31975013360149307,0.5048780487804878,6150,,,,,,,,,
top5_all_lags_1_7_14__medium_balanced,top5_all_lags_1_7_14,medium_balanced,30,0.3515687122698666,25.22932767259244,0.3563824491622036,25.229327672592447,48.64025790515762,0.32157949417656906,0.49317073170731707,6150,,,,,,,,,
top5_all_lags_1_7_14__medium_less_regularized,top5_all_lags_1_7_14,medium_less_regularized,30,0.3519599012742867,25.29746299872485,0.3573449097840897,25.297462998724853,50.0138592295316,0.3225259699948136,0.4897560975609756,6150,,,,,,,,,
top5_all_lags_1_7_14__deep_regularized,top5_all_lags_1_7_14,deep_regularized,30,0.3402620334721508,24.444937286666498,0.34530236924635016,24.444937286666494,47.78345398351988,0.31497756116395176,0.5121951219512195,6150,,,,,,,,,
top5_all_lags_1_7_14__shallow_poisson,top5_all_lags_1_7_14,shallow_poisson,30,0.25568065730159556,17.041201441036005,0.2407192607364013,17.04120144103601,33.52111403767507,0.253142966661038,0.5632520325203252,6150,,,,,,,,,
top5_all_lags_1_7_14__shallow_tweedie,top5_all_lags_1_7_14,shallow_tweedie,30,0.2618683661337203,17.284919262276436,0.24416195073453764,17.284919262276432,34.56270144737428,0.26274390802680914,0.5469918699186992,6150,,,,,,,,,
top5_all_lags_1_7_14__shallow_pseudo_huber,top5_all_lags_1_7_14,shallow_pseudo_huber,30,2749.0449385273555,305067.6793531556,4309.300990458608,305067.6793531556,599132.8202561158,1.8122376167437388,0.02,6150,,,,,,,,,
top5_all_lags_1_7_14__legacy_published_recipe,top5_all_lags_1_7_14,legacy_published_recipe,30,0.34004685573798044,23.644795558171538,0.33399979025659426,23.644795558171545,45.311706896129195,0.3095277877951426,0.5076422764227643,6150,,,,,,,,,
top5_all_lags_1_7_14_28__shallow_regularized,top5_all_lags_1_7_14_28,shallow_regularized,30,0.39965600862419837,26.285893548266063,0.3713072041679751,26.285893548266067,49.28896198936673,0.33297308523682007,0.5071544715447155,6150,,,,,,,,,
top5_all_lags_1_7_14_28__shallow_more_trees,top5_all_lags_1_7_14_28,shallow_more_trees,30,0.4409386868865937,29.07833314158447,0.4107524273748311,29.078333141584466,55.532976967868755,0.3556264068597784,0.4869918699186992,6150,,,,,,,,,
top5_all_lags_1_7_14_28__medium_balanced,top5_all_lags_1_7_14_28,medium_balanced,30,0.47704663233384836,32.888907188251316,0.464579534029771,32.88890718825131,61.88623901843659,0.38035311360782537,0.4686178861788618,6150,,,,,,,,,
top5_all_lags_1_7_14_28__medium_less_regularized,top5_all_lags_1_7_14_28,medium_less_regularized,30,0.4814543618712372,32.15589850258522,0.4542252576873761,32.15589850258522,59.69693225572345,0.38000193483793476,0.4653658536585366,6150,,,,,,,,,
top5_all_lags_1_7_14_28__deep_regularized,top5_all_lags_1_7_14_28,deep_regularized,30,0.46328932365274256,30.91924788400395,0.4367566758080929,30.919247884003944,57.77347469810187,0.3724725411737414,0.4796747967479675,6150,,,,,,,,,
top5_all_lags_1_7_14_28__shallow_poisson,top5_all_lags_1_7_14_28,shallow_poisson,30,0.28226225728984466,18.57206567523925,0.2623438221278192,18.57206567523925,33.83318925229893,0.27316701963515927,0.551219512195122,6150,,,,,,,,,
top5_all_lags_1_7_14_28__shallow_tweedie,top5_all_lags_1_7_14_28,shallow_tweedie,30,0.28722297555923093,18.591516395753963,0.26261857758325413,18.59151639575396,34.23425019931198,0.2816510399270123,0.54130081300813,6150,,,,,,,,,
top5_all_lags_1_7_14_28__shallow_pseudo_huber,top5_all_lags_1_7_14_28,shallow_pseudo_huber,30,2740.2530554228188,303712.1295817992,4290.152872294443,303712.1295817992,593352.4534343822,1.814946424774989,0.01967479674796748,6150,,,,,,,,,
top5_all_lags_1_7_14_28__legacy_published_recipe,top5_all_lags_1_7_14_28,legacy_published_recipe,30,0.4014761980021008,26.24923260394635,0.370789341889011,26.249232603946353,49.244519465834614,0.3380308745464402,0.49447154471544713,6150,,,,,,,,,
top10_all_lags_1_7_14__shallow_regularized,top10_all_lags_1_7_14,shallow_regularized,30,0.4233194548428202,31.38625169522394,0.44335344145204886,31.38625169522394,61.203865709522205,0.3528745540516947,0.4894308943089431,6150,,,,,,,,,
top10_all_lags_1_7_14__shallow_more_trees,top10_all_lags_1_7_14,shallow_more_trees,30,0.45574265215110465,34.34453888452635,0.4851413815640665,34.344538884526344,66.70557290582548,0.3706103855222627,0.463739837398374,6150,,,,,,,,,
top10_all_lags_1_7_14__medium_balanced,top10_all_lags_1_7_14,medium_balanced,30,0.44293350244313695,31.9785521248295,0.4517201121965873,31.978552124829495,62.03113014436928,0.3649473039790359,0.46682926829268295,6150,,,,,,,,,
top10_all_lags_1_7_14__medium_less_regularized,top10_all_lags_1_7_14,medium_less_regularized,30,0.42445105017978163,30.200031206137773,0.42659722152288426,30.200031206137766,58.42234568741475,0.35406364527127165,0.46991869918699186,6150,,,,,,,,,
top10_all_lags_1_7_14__deep_regularized,top10_all_lags_1_7_14,deep_regularized,30,0.44847000737446213,33.07091095466924,0.46715046849439523,33.07091095466924,63.87598549897287,0.3691457460501716,0.47560975609756095,6150,,,,,,,,,
top10_all_lags_1_7_14__shallow_poisson,top10_all_lags_1_7_14,shallow_poisson,30,0.3073470995292732,20.87754490407502,0.29491037898290523,20.877544904075016,41.242531332046944,0.28500595955724184,0.5339837398373983,6150,,,,,,,,,
top10_all_lags_1_7_14__shallow_tweedie,top10_all_lags_1_7_14,shallow_tweedie,30,0.32485864107270757,21.942459930355955,0.3099530717625435,21.942459930355955,43.4605608455338,0.3002095444029937,0.5143089430894309,6150,,,,,,,,,
top10_all_lags_1_7_14__shallow_pseudo_huber,top10_all_lags_1_7_14,shallow_pseudo_huber,30,2749.0508840052867,305067.7392116787,4309.3018360034175,305067.7392116787,599132.8202566468,1.813855505905752,0.014959349593495935,6150,,,,,,,,,
top10_all_lags_1_7_14__legacy_published_recipe,top10_all_lags_1_7_14,legacy_published_recipe,30,0.43203811569918593,33.00278063314717,0.4661880785662395,33.00278063314717,64.1980408673959,0.3597155409225156,0.4692682926829268,6150,,,,,,,,,
top5_news20_lags_1_7_14__shallow_regularized,top5_news20_lags_1_7_14,shallow_regularized,30,0.32286808365325653,24.32053705928771,0.3435451263152297,24.320537059287716,50.306215879477726,0.29250711085315917,0.5349593495934959,6150,,,,,,,,,
top5_news20_lags_1_7_14__shallow_more_trees,top5_news20_lags_1_7_14,shallow_more_trees,30,0.3401281064079156,25.883283066878292,0.3656200407493787,25.883283066878292,53.67330457571225,0.3050255813704995,0.5102439024390244,6150,,,,,,,,,
top5_news20_lags_1_7_14__medium_balanced,top5_news20_lags_1_7_14,medium_balanced,30,0.37482308204180365,29.38307757749912,0.4150571623185925,29.38307757749911,62.75272266747988,0.3209844002124495,0.5017886178861789,6150,,,,,,,,,
top5_news20_lags_1_7_14__medium_less_regularized,top5_news20_lags_1_7_14,medium_less_regularized,30,0.39764565426947474,31.708506524240736,0.4479055233271483,31.708506524240736,68.82094317406981,0.3339303843298561,0.4819512195121951,6150,,,,,,,,,
top5_news20_lags_1_7_14__deep_regularized,top5_news20_lags_1_7_14,deep_regularized,30,0.36740008887578807,28.938196997351763,0.40877290326915894,28.938196997351763,61.81758004174509,0.31961569869184814,0.514959349593496,6150,,,,,,,,,
top5_news20_lags_1_7_14__shallow_poisson,top5_news20_lags_1_7_14,shallow_poisson,30,0.2703032939411196,19.63238783693895,0.2773216373828014,19.63238783693895,39.22726585652632,0.2626808660853494,0.5546341463414635,6150,,,,,,,,,
top5_news20_lags_1_7_14__shallow_tweedie,top5_news20_lags_1_7_14,shallow_tweedie,30,0.2666743380452807,19.186207312141978,0.2710190156776514,19.186207312141978,37.894101051565016,0.2663564241779546,0.5385365853658537,6150,,,,,,,,,
top5_news20_lags_1_7_14__shallow_pseudo_huber,top5_news20_lags_1_7_14,shallow_pseudo_huber,30,2749.0321092175427,305067.59844162635,4309.299847524903,305067.5984416264,599132.8202556855,1.8021504493666507,0.03186991869918699,6150,,,,,,,,,
top5_news20_lags_1_7_14__legacy_published_recipe,top5_news20_lags_1_7_14,legacy_published_recipe,30,0.3315147823639972,24.885542497241154,0.35152623561710594,24.885542497241158,50.87028510815275,0.30109656043006605,0.5154471544715448,6150,,,,,,,,,
top5_derived_lags_1_7_14__shallow_regularized,top5_derived_lags_1_7_14,shallow_regularized,30,0.3484005983682513,25.999890513953154,0.3672672050384309,25.999890513953154,53.638663196479015,0.31501440238832396,0.5427642276422764,6150,,,,,,,,,
top5_derived_lags_1_7_14__shallow_more_trees,top5_derived_lags_1_7_14,shallow_more_trees,30,0.37160048532560397,28.284541974168842,0.39953955464044505,28.284541974168846,58.72558293834021,0.3305062788282934,0.5188617886178862,6150,,,,,,,,,
top5_derived_lags_1_7_14__medium_balanced,top5_derived_lags_1_7_14,medium_balanced,30,0.378785779987043,28.794309843343687,0.4067403934451226,28.79430984334369,59.48657377261217,0.3360825976170029,0.4938211382113821,6150,,,,,,,,,
top5_derived_lags_1_7_14__medium_less_regularized,top5_derived_lags_1_7_14,medium_less_regularized,30,0.3965910440942698,30.18788187951255,0.42642560352201814,30.187881879512545,62.44392567965665,0.3449791047364156,0.4786991869918699,6150,,,,,,,,,
top5_derived_lags_1_7_14__deep_regularized,top5_derived_lags_1_7_14,deep_regularized,30,0.3733161067312069,28.647740144426447,0.4046699907395507,28.647740144426443,60.22705224169583,0.332218894648916,0.5065040650406504,6150,,,,,,,,,
top5_derived_lags_1_7_14__shallow_poisson,top5_derived_lags_1_7_14,shallow_poisson,30,0.3025673790062792,22.248511565700777,0.3142762718410289,22.248511565700777,45.696369692119035,0.28744326664905917,0.552520325203252,6150,,,,,,,,,
top5_derived_lags_1_7_14__shallow_tweedie,top5_derived_lags_1_7_14,shallow_tweedie,30,0.3182433207333361,23.455806679175637,0.3313301860390333,23.455806679175637,47.74111957449743,0.3062655657321634,0.5304065040650406,6150,,,,,,,,,
top5_derived_lags_1_7_14__shallow_pseudo_huber,top5_derived_lags_1_7_14,shallow_pseudo_huber,30,2753.5546058827285,306112.5950138898,4324.061177776042,306112.5950138898,604381.808067575,1.8032005105306503,0.034308943089430895,6150,,,,,,,,,
top5_derived_lags_1_7_14__legacy_published_recipe,top5_derived_lags_1_7_14,legacy_published_recipe,30,0.36190000265368905,27.037685198197824,0.38192680342719076,27.037685198197824,55.80282040090773,0.32432333516425615,0.5239024390243903,6150,,,,,,,,,
top5_external_lags_1_7_14__shallow_regularized,top5_external_lags_1_7_14,shallow_regularized,30,0.444916582129293,33.23492617265237,0.46946730173875484,33.23492617265238,64.29761898019292,0.3675312160713977,0.4853658536585366,6150,,,,,,,,,
top5_external_lags_1_7_14__shallow_more_trees,top5_external_lags_1_7_14,shallow_more_trees,30,0.46801866182004986,35.10383294495504,0.49586695778240764,35.10383294495504,68.45428943388151,0.38188086093314566,0.4684552845528455,6150,,,,,,,,,
top5_external_lags_1_7_14__medium_balanced,top5_external_lags_1_7_14,medium_balanced,30,0.45418207300766583,32.62435515570295,0.4608425457709501,32.62435515570295,62.277429132834556,0.37746047305570085,0.46260162601626015,6150,,,,,,,,,
top5_external_lags_1_7_14__medium_less_regularized,top5_external_lags_1_7_14,medium_less_regularized,30,0.46136560074490557,32.753801469618026,0.46267106831371246,32.75380146961803,61.7037288742634,0.3837405283758486,0.45154471544715447,6150,,,,,,,,,
top5_external_lags_1_7_14__deep_regularized,top5_external_lags_1_7_14,deep_regularized,30,0.46203152169146544,33.422033172447264,0.4721103230553606,33.422033172447264,62.99497403059208,0.3807774523292043,0.4746341463414634,6150,,,,,,,,,
top5_external_lags_1_7_14__shallow_poisson,top5_external_lags_1_7_14,shallow_poisson,30,0.3488288936226686,24.595691792596647,0.3474318853691278,24.595691792596647,46.71494441775007,0.31597706391330105,0.5169105691056911,6150,,,,,,,,,
top5_external_lags_1_7_14__shallow_tweedie,top5_external_lags_1_7_14,shallow_tweedie,30,0.3760012792406105,25.96511647979903,0.3667759967264251,25.96511647979903,48.31311485744834,0.33789985570508096,0.4900813008130081,6150,,,,,,,,,
top5_external_lags_1_7_14__shallow_pseudo_huber,top5_external_lags_1_7_14,shallow_pseudo_huber,30,2749.053229388269,305067.7413930612,4309.301866817018,305067.7413930611,599132.820256675,1.81698659366633,0.01788617886178862,6150,,,,,,,,,
top5_external_lags_1_7_14__legacy_published_recipe,top5_external_lags_1_7_14,legacy_published_recipe,30,0.45368797419648244,34.538006309542226,0.4878742484741573,34.53800630954223,67.63139107383007,0.3732743403471408,0.4741463414634146,6150,,,,,,,,,
top5_all_lags_1_7_14_legacy_rank__shallow_regularized,top5_all_lags_1_7_14_legacy_rank,shallow_regularized,30,0.31328816029975326,21.774042555399053,0.30757405487602485,21.774042555399056,41.732469544348795,0.29099676079524867,0.5286178861788617,6150,,,,,,,,,
top5_all_lags_1_7_14_legacy_rank__shallow_more_trees,top5_all_lags_1_7_14_legacy_rank,shallow_more_trees,30,0.33306215694110614,23.785515359838804,0.33598755894447246,23.785515359838804,46.20076699985928,0.30206641353001223,0.5086178861788618,6150,,,,,,,,,
top5_all_lags_1_7_14_legacy_rank__medium_balanced,top5_all_lags_1_7_14_legacy_rank,medium_balanced,30,0.344210094991228,24.99813063585335,0.35311662427533475,24.998130635853357,48.39724347021881,0.31029128339662776,0.4954471544715447,6150,,,,,,,,,
top5_all_lags_1_7_14_legacy_rank__medium_less_regularized,top5_all_lags_1_7_14_legacy_rank,medium_less_regularized,30,0.3470621480186216,25.22357308614507,0.35630116147833635,25.22357308614507,49.767931600943626,0.311039354830353,0.492520325203252,6150,,,,,,,,,
top5_all_lags_1_7_14_legacy_rank__deep_regularized,top5_all_lags_1_7_14_legacy_rank,deep_regularized,30,0.33458160027923095,24.54604662403101,0.3467306115582639,24.54604662403101,47.95793552897495,0.3060606750005176,0.5180487804878049,6150,,,,,,,,,
top5_all_lags_1_7_14_legacy_rank__shallow_poisson,top5_all_lags_1_7_14_legacy_rank,shallow_poisson,30,0.2486054994573862,16.766661967552775,0.23684119267127623,16.766661967552775,33.33342867017918,0.24496288897296134,0.5686178861788618,6150,,,,,,,,,
top5_all_lags_1_7_14_legacy_rank__shallow_tweedie,top5_all_lags_1_7_14_legacy_rank,shallow_tweedie,30,0.25689201703937603,17.233738385676368,0.24343898394011076,17.233738385676368,34.90572938331046,0.25501621864110124,0.5489430894308943,6150,,,,,,,,,
top5_all_lags_1_7_14_legacy_rank__shallow_pseudo_huber,top5_all_lags_1_7_14_legacy_rank,shallow_pseudo_huber,30,2749.039149122645,305067.6590079389,4309.300703067749,305067.6590079389,599132.8202560045,1.8065960525020799,0.023252032520325202,6150,,,,,,,,,
top5_all_lags_1_7_14_legacy_rank__legacy_published_recipe,top5_all_lags_1_7_14_legacy_rank,legacy_published_recipe,30,0.32948456554966227,23.00492064352684,0.3249610955994132,23.004920643526848,44.13261431683761,0.30058162065636457,0.5079674796747967,6150,30.0,0.28278878987910555,21.16715590997228,0.2927114137664241,21.167155909972283,68.47811652905335,0.26967076976441445,0.5807443365695792,6180.0
