drug_name,forecast_origin,target_window_start,target_window_end,predicted_units_next_14d,model_configuration,evidence_status
Acetaminophen 500 mg tablet,2025-12-31,2026-01-01,2026-01-14,221.39105224609375,top5_all_lags_1_7_14_legacy_rank__legacy_published_recipe,synthetic_benchmark_model; not validated on observed pharmacy sales
Albuterol HFA inhaler,2025-12-31,2026-01-01,2026-01-14,103.08987426757812,top5_all_lags_1_7_14_legacy_rank__legacy_published_recipe,synthetic_benchmark_model; not validated on observed pharmacy sales
Amlodipine 5 mg tablet,2025-12-31,2026-01-01,2026-01-14,89.07360076904297,top5_all_lags_1_7_14_legacy_rank__legacy_published_recipe,synthetic_benchmark_model; not validated on observed pharmacy sales
Amoxicillin 500 mg capsule,2025-12-31,2026-01-01,2026-01-14,150.23570251464844,top5_all_lags_1_7_14_legacy_rank__legacy_published_recipe,synthetic_benchmark_model; not validated on observed pharmacy sales
Amoxicillin-clavulanate 875/125 mg tablet,2025-12-31,2026-01-01,2026-01-14,71.41613006591797,top5_all_lags_1_7_14_legacy_rank__legacy_published_recipe,synthetic_benchmark_model; not validated on observed pharmacy sales
Atorvastatin 20 mg tablet,2025-12-31,2026-01-01,2026-01-14,89.83908081054688,top5_all_lags_1_7_14_legacy_rank__legacy_published_recipe,synthetic_benchmark_model; not validated on observed pharmacy sales
Azithromycin 250 mg tablet,2025-12-31,2026-01-01,2026-01-14,68.63255310058594,top5_all_lags_1_7_14_legacy_rank__legacy_published_recipe,synthetic_benchmark_model; not validated on observed pharmacy sales
Cephalexin 500 mg capsule,2025-12-31,2026-01-01,2026-01-14,60.808982849121094,top5_all_lags_1_7_14_legacy_rank__legacy_published_recipe,synthetic_benchmark_model; not validated on observed pharmacy sales
Cetirizine 10 mg tablet,2025-12-31,2026-01-01,2026-01-14,45.33110046386719,top5_all_lags_1_7_14_legacy_rank__legacy_published_recipe,synthetic_benchmark_model; not validated on observed pharmacy sales
Doxycycline 100 mg capsule,2025-12-31,2026-01-01,2026-01-14,63.992733001708984,top5_all_lags_1_7_14_legacy_rank__legacy_published_recipe,synthetic_benchmark_model; not validated on observed pharmacy sales
Famotidine 20 mg tablet,2025-12-31,2026-01-01,2026-01-14,43.451263427734375,top5_all_lags_1_7_14_legacy_rank__legacy_published_recipe,synthetic_benchmark_model; not validated on observed pharmacy sales
Fluticasone nasal spray,2025-12-31,2026-01-01,2026-01-14,37.00383377075195,top5_all_lags_1_7_14_legacy_rank__legacy_published_recipe,synthetic_benchmark_model; not validated on observed pharmacy sales
Gabapentin 300 mg capsule,2025-12-31,2026-01-01,2026-01-14,52.90138626098633,top5_all_lags_1_7_14_legacy_rank__legacy_published_recipe,synthetic_benchmark_model; not validated on observed pharmacy sales
Glipizide 5 mg tablet,2025-12-31,2026-01-01,2026-01-14,31.449806213378906,top5_all_lags_1_7_14_legacy_rank__legacy_published_recipe,synthetic_benchmark_model; not validated on observed pharmacy sales
Hydrochlorothiazide 25 mg tablet,2025-12-31,2026-01-01,2026-01-14,59.523284912109375,top5_all_lags_1_7_14_legacy_rank__legacy_published_recipe,synthetic_benchmark_model; not validated on observed pharmacy sales
Ibuprofen 200 mg tablet,2025-12-31,2026-01-01,2026-01-14,170.458984375,top5_all_lags_1_7_14_legacy_rank__legacy_published_recipe,synthetic_benchmark_model; not validated on observed pharmacy sales
Insulin glargine 100 units/mL pen,2025-12-31,2026-01-01,2026-01-14,12.239843368530273,top5_all_lags_1_7_14_legacy_rank__legacy_published_recipe,synthetic_benchmark_model; not validated on observed pharmacy sales
Levothyroxine 50 mcg tablet,2025-12-31,2026-01-01,2026-01-14,70.23745727539062,top5_all_lags_1_7_14_legacy_rank__legacy_published_recipe,synthetic_benchmark_model; not validated on observed pharmacy sales
Lisinopril 10 mg tablet,2025-12-31,2026-01-01,2026-01-14,91.71736907958984,top5_all_lags_1_7_14_legacy_rank__legacy_published_recipe,synthetic_benchmark_model; not validated on observed pharmacy sales
Losartan 50 mg tablet,2025-12-31,2026-01-01,2026-01-14,66.87449645996094,top5_all_lags_1_7_14_legacy_rank__legacy_published_recipe,synthetic_benchmark_model; not validated on observed pharmacy sales
Metformin 500 mg tablet,2025-12-31,2026-01-01,2026-01-14,101.65596008300781,top5_all_lags_1_7_14_legacy_rank__legacy_published_recipe,synthetic_benchmark_model; not validated on observed pharmacy sales
Naloxone 4 mg nasal spray,2025-12-31,2026-01-01,2026-01-14,4.6595611572265625,top5_all_lags_1_7_14_legacy_rank__legacy_published_recipe,synthetic_benchmark_model; not validated on observed pharmacy sales
Naproxen 500 mg tablet,2025-12-31,2026-01-01,2026-01-14,68.2209701538086,top5_all_lags_1_7_14_legacy_rank__legacy_published_recipe,synthetic_benchmark_model; not validated on observed pharmacy sales
Nirmatrelvir/ritonavir 300/100 mg pack,2025-12-31,2026-01-01,2026-01-14,7.972355365753174,top5_all_lags_1_7_14_legacy_rank__legacy_published_recipe,synthetic_benchmark_model; not validated on observed pharmacy sales
Omeprazole 20 mg capsule,2025-12-31,2026-01-01,2026-01-14,75.9487075805664,top5_all_lags_1_7_14_legacy_rank__legacy_published_recipe,synthetic_benchmark_model; not validated on observed pharmacy sales
Oseltamivir 75 mg capsule,2025-12-31,2026-01-01,2026-01-14,13.020332336425781,top5_all_lags_1_7_14_legacy_rank__legacy_published_recipe,synthetic_benchmark_model; not validated on observed pharmacy sales
Prednisone 20 mg tablet,2025-12-31,2026-01-01,2026-01-14,68.45487976074219,top5_all_lags_1_7_14_legacy_rank__legacy_published_recipe,synthetic_benchmark_model; not validated on observed pharmacy sales
Semaglutide 0.25/0.5 mg pen,2025-12-31,2026-01-01,2026-01-14,2.362578868865967,top5_all_lags_1_7_14_legacy_rank__legacy_published_recipe,synthetic_benchmark_model; not validated on observed pharmacy sales
Sertraline 50 mg tablet,2025-12-31,2026-01-01,2026-01-14,56.60503005981445,top5_all_lags_1_7_14_legacy_rank__legacy_published_recipe,synthetic_benchmark_model; not validated on observed pharmacy sales
Simvastatin 40 mg tablet,2025-12-31,2026-01-01,2026-01-14,32.88688278198242,top5_all_lags_1_7_14_legacy_rank__legacy_published_recipe,synthetic_benchmark_model; not validated on observed pharmacy sales
